1,Marci,Richmont,596-265-9650,1/10/2023
2,Der,Mulliss,809-326-5607,11/20/2022
3,Osmond,Sygrove,589-466-6794,8/19/2022
4,Annabella,Marrington,693-108-1675,1/9/2023
5,Merrick,Tummons,839-912-4303,4/14/2023
6,Ketti,Zmitrovich,227-979-2180,6/13/2022
7,Miles,Beaufoy,899-725-7081,2/18/2023
8,Austin,O'Longain,513-473-6527,6/22/2023
9,Angela,Geroldo,417-271-8301,11/16/2022
10,Minta,O'Hengerty,574-152-3079,7/28/2022
11,Nikaniki,Wyett,113-335-1765,2/5/2022
12,Aluin,Rilings,145-816-6483,7/15/2023
13,Leland,Liston,673-862-6157,10/15/2022
14,Cecily,Sewards,226-186-1020,1/28/2022
15,Portie,Cumberland,222-676-6189,9/28/2023
16,Shurlock,Karpf,198-554-4622,6/9/2023
17,Stefanie,Cockayme,751-158-6972,3/24/2022
18,Calypso,Halwood,964-965-3617,6/15/2023
19,Vivi,Duddan,527-298-8772,9/6/2023
20,Emlyn,Van Dale,192-636-4815,3/10/2022
21,Lyndsie,Dundon,433-865-7569,9/10/2022
22,Dorisa,Falck,779-371-7368,9/20/2022
23,Deni,Kings,472-785-5435,5/15/2022
24,Quent,Doohan,432-810-8847,10/22/2022
25,Dick,Tremblett,745-281-3877,8/2/2023
26,Sven,D' Angelo,562-485-0219,4/23/2023
27,Chloris,Marciskewski,688-548-6196,8/21/2023
28,Vivianna,MacAiline,659-673-6812,7/6/2022
29,Norma,Westwater,174-254-5388,5/9/2023
30,Abagael,Gammack,763-406-8021,8/22/2023
31,Suzanna,Pocke,300-661-5615,12/22/2022
32,Wyatt,Mc Andrew,981-253-0163,7/17/2023
33,Benedetta,Bedborough,856-244-2339,7/26/2023
34,Sharlene,De la Yglesias,855-696-6261,12/6/2022
35,Stefano,Honywill,667-109-8361,2/28/2023
36,Augie,Jenny,117-671-3159,1/27/2022
37,Dagny,Petheridge,915-931-1830,7/30/2023
38,Nathanael,Handaside,517-794-8504,12/24/2022
39,Antons,Pinnion,602-442-8170,7/9/2022
40,Melva,Banaszczyk,996-144-6514,7/3/2022
41,Hynda,MacKegg,368-502-5319,3/31/2023
42,Townie,Kenaway,371-104-6937,2/25/2023
43,Anton,Divver,756-997-7384,5/6/2023
44,Gisella,Jardine,129-684-0021,4/20/2023
45,Sada,Canton,943-956-2830,2/27/2023
46,Clarabelle,Belly,405-640-1743,2/10/2022
47,Aimee,Jessen,743-835-7389,4/3/2023
48,Dre,Duckers,423-358-8143,1/4/2022
49,Neal,Filov,696-174-3338,9/3/2023
50,Karry,Skeldon,561-330-4920,7/21/2022
